date,description,category,amount,Conta
2022-01-01,Daily Sales Deposit,Receita de Vendas,802,Principal
2022-01-02,Daily Sales Deposit,Receita de Vendas,970,Principal
2022-01-03,Daily Sales Deposit,Receita de Vendas,888,Principal
2022-01-04,Daily Sales Deposit,Receita de Vendas,821,Principal
2022-01-04,Utility Bill Payment,Despesa Operacional,-430,Principal
2022-01-05,Daily Sales Deposit,Receita de Vendas,787,Principal
2022-01-06,Daily Sales Deposit,Receita de Vendas,1059,Principal
2022-01-07,Daily Sales Deposit,Receita de Vendas,849,Principal
2022-01-07,Rent Payment,Despesa Operacional,-443,Principal
2022-01-08,Daily Sales Deposit,Receita de Vendas,1113,Principal
2022-01-09,Daily Sales Deposit,Receita de Vendas,891,Principal
2022-01-10,Daily Sales Deposit,Receita de Vendas,860,Principal
2022-01-11,Daily Sales Deposit,Receita de Vendas,721,Principal
2022-01-11,Bakery Payment,Custo de Mercadoria (CMV),-444,Principal
2022-01-12,Daily Sales Deposit,Receita de Vendas,1174,Principal
2022-01-13,Daily Sales Deposit,Receita de Vendas,869,Principal
2022-01-13,Utility Bill Payment,Despesa Operacional,-287,Principal
2022-01-14,Daily Sales Deposit,Receita de Vendas,1063,Principal
2022-01-15,Daily Sales Deposit,Receita de Vendas,1019,Principal
2022-01-16,Daily Sales Deposit,Receita de Vendas,1184,Principal
2022-01-17,Daily Sales Deposit,Receita de Vendas,720,Principal
2022-01-18,Daily Sales Deposit,Receita de Vendas,973,Principal
2022-01-19,Daily Sales Deposit,Receita de Vendas,1015,Principal
2022-01-20,Daily Sales Deposit,Receita de Vendas,964,Principal
2022-01-20,Rent Payment,Despesa Operacional,-485,Principal
2022-01-21,Daily Sales Deposit,Receita de Vendas,791,Principal
2022-01-22,Daily Sales Deposit,Receita de Vendas,1154,Principal
2022-01-23,Daily Sales Deposit,Receita de Vendas,963,Principal
2022-01-23,Bakery Payment,Custo de Mercadoria (CMV),-305,Principal
2022-01-24,Daily Sales Deposit,Receita de Vendas,1119,Principal
2022-01-24,Coffee Supplier Payment,Custo de Mercadoria (CMV),-487,Principal
2022-01-25,Daily Sales Deposit,Receita de Vendas,1089,Principal
2022-01-26,Daily Sales Deposit,Receita de Vendas,959,Principal
2022-01-26,Coffee Supplier Payment,Custo de Mercadoria (CMV),-290,Principal
2022-01-27,Daily Sales Deposit,Receita de Vendas,917,Principal
2022-01-28,Daily Sales Deposit,Receita de Vendas,901,Principal
2022-01-29,Daily Sales Deposit,Receita de Vendas,969,Principal
2022-01-30,Daily Sales Deposit,Receita de Vendas,970,Principal
2022-01-30,Rent Payment,Despesa Operacional,-314,Principal
2022-01-31,Daily Sales Deposit,Receita de Vendas,889,Principal
2022-02-01,Daily Sales Deposit,Receita de Vendas,907,Principal
2022-02-02,Daily Sales Deposit,Receita de Vendas,1066,Principal
2022-02-03,Daily Sales Deposit,Receita de Vendas,1109,Principal
2022-02-04,Daily Sales Deposit,Receita de Vendas,887,Principal
2022-02-05,Daily Sales Deposit,Receita de Vendas,740,Principal
2022-02-06,Daily Sales Deposit,Receita de Vendas,1000,Principal
2022-02-06,Bakery Payment,Custo de Mercadoria (CMV),-426,Principal
2022-02-07,Daily Sales Deposit,Receita de Vendas,1043,Principal
2022-02-08,Daily Sales Deposit,Receita de Vendas,835,Principal
2022-02-08,Utility Bill Payment,Despesa Operacional,-238,Principal
2022-02-09,Daily Sales Deposit,Receita de Vendas,780,Principal
2022-02-10,Daily Sales Deposit,Receita de Vendas,1118,Principal
2022-02-11,Daily Sales Deposit,Receita de Vendas,960,Principal
2022-02-12,Daily Sales Deposit,Receita de Vendas,740,Principal
2022-02-13,Daily Sales Deposit,Receita de Vendas,900,Principal
2022-02-14,Daily Sales Deposit,Receita de Vendas,1117,Principal
2022-02-14,Maintenance Payment,Despesa Operacional,-161,Principal
2022-02-15,Daily Sales Deposit,Receita de Vendas,798,Principal
2022-02-16,Daily Sales Deposit,Receita de Vendas,913,Principal
2022-02-17,Daily Sales Deposit,Receita de Vendas,1148,Principal
2022-02-18,Daily Sales Deposit,Receita de Vendas,1130,Principal
2022-02-19,Daily Sales Deposit,Receita de Vendas,956,Principal
2022-02-20,Daily Sales Deposit,Receita de Vendas,954,Principal
2022-02-21,Daily Sales Deposit,Receita de Vendas,982,Principal
2022-02-22,Daily Sales Deposit,Receita de Vendas,714,Principal
2022-02-22,Maintenance Payment,Despesa Operacional,-479,Principal
2022-02-23,Daily Sales Deposit,Receita de Vendas,878,Principal
2022-02-23,Bakery Payment,Custo de Mercadoria (CMV),-330,Principal
2022-02-24,Daily Sales Deposit,Receita de Vendas,751,Principal
2022-02-25,Daily Sales Deposit,Receita de Vendas,1087,Principal
2022-02-26,Daily Sales Deposit,Receita de Vendas,1106,Principal
2022-02-27,Daily Sales Deposit,Receita de Vendas,842,Principal
2022-02-28,Daily Sales Deposit,Receita de Vendas,735,Principal
2022-03-01,Daily Sales Deposit,Receita de Vendas,726,Principal
2022-03-02,Daily Sales Deposit,Receita de Vendas,485,Principal
2022-03-03,Daily Sales Deposit,Receita de Vendas,569,Principal
2022-03-04,Daily Sales Deposit,Receita de Vendas,533,Principal
2022-03-05,Daily Sales Deposit,Receita de Vendas,507,Principal
2022-03-05,Utility Bill Payment,Despesa Operacional,-385,Principal
2022-03-06,Daily Sales Deposit,Receita de Vendas,527,Principal
2022-03-07,Daily Sales Deposit,Receita de Vendas,747,Principal
2022-03-08,Daily Sales Deposit,Receita de Vendas,589,Principal
2022-03-08,Utility Bill Payment,Despesa Operacional,-476,Principal
2022-03-09,Daily Sales Deposit,Receita de Vendas,520,Principal
2022-03-10,Daily Sales Deposit,Receita de Vendas,632,Principal
2022-03-11,Daily Sales Deposit,Receita de Vendas,597,Principal
2022-03-12,Daily Sales Deposit,Receita de Vendas,536,Principal
2022-03-13,Daily Sales Deposit,Receita de Vendas,624,Principal
2022-03-13,Utility Bill Payment,Despesa Operacional,-271,Principal
2022-03-14,Daily Sales Deposit,Receita de Vendas,773,Principal
2022-03-15,Daily Sales Deposit,Receita de Vendas,632,Principal
2022-03-16,Daily Sales Deposit,Receita de Vendas,717,Principal
2022-03-17,Daily Sales Deposit,Receita de Vendas,451,Principal
2022-03-18,Daily Sales Deposit,Receita de Vendas,694,Principal
2022-03-19,Daily Sales Deposit,Receita de Vendas,512,Principal
2022-03-19,Utility Bill Payment,Despesa Operacional,-180,Principal
2022-03-20,Daily Sales Deposit,Receita de Vendas,512,Principal
2022-03-21,Daily Sales Deposit,Receita de Vendas,619,Principal
2022-03-21,Bakery Payment,Custo de Mercadoria (CMV),-323,Principal
2022-03-22,Daily Sales Deposit,Receita de Vendas,784,Principal
2022-03-23,Daily Sales Deposit,Receita de Vendas,529,Principal
2022-03-24,Daily Sales Deposit,Receita de Vendas,617,Principal
2022-03-25,Daily Sales Deposit,Receita de Vendas,646,Principal
2022-03-26,Daily Sales Deposit,Receita de Vendas,602,Principal
2022-03-27,Daily Sales Deposit,Receita de Vendas,654,Principal
2022-03-28,Daily Sales Deposit,Receita de Vendas,724,Principal
2022-03-29,Daily Sales Deposit,Receita de Vendas,597,Principal
2022-03-30,Daily Sales Deposit,Receita de Vendas,639,Principal
2022-03-31,Daily Sales Deposit,Receita de Vendas,600,Principal
2022-04-01,Daily Sales Deposit,Receita de Vendas,725,Principal
2022-04-02,Daily Sales Deposit,Receita de Vendas,658,Principal
2022-04-03,Daily Sales Deposit,Receita de Vendas,745,Principal
2022-04-04,Daily Sales Deposit,Receita de Vendas,546,Principal
2022-04-05,Daily Sales Deposit,Receita de Vendas,598,Principal
2022-04-05,Coffee Supplier Payment,Custo de Mercadoria (CMV),-227,Principal
2022-04-06,Daily Sales Deposit,Receita de Vendas,759,Principal
2022-04-06,Coffee Supplier Payment,Custo de Mercadoria (CMV),-250,Principal
2022-04-07,Daily Sales Deposit,Receita de Vendas,498,Principal
2022-04-08,Daily Sales Deposit,Receita de Vendas,543,Principal
2022-04-09,Daily Sales Deposit,Receita de Vendas,459,Principal
2022-04-10,Daily Sales Deposit,Receita de Vendas,784,Principal
2022-04-10,Maintenance Payment,Despesa Operacional,-239,Principal
2022-04-11,Daily Sales Deposit,Receita de Vendas,436,Principal
2022-04-12,Daily Sales Deposit,Receita de Vendas,408,Principal
2022-04-13,Daily Sales Deposit,Receita de Vendas,546,Principal
2022-04-14,Daily Sales Deposit,Receita de Vendas,530,Principal
2022-04-15,Daily Sales Deposit,Receita de Vendas,453,Principal
2022-04-16,Daily Sales Deposit,Receita de Vendas,515,Principal
2022-04-16,Rent Payment,Despesa Operacional,-203,Principal
2022-04-17,Daily Sales Deposit,Receita de Vendas,653,Principal
2022-04-17,Bakery Payment,Custo de Mercadoria (CMV),-198,Principal
2022-04-18,Daily Sales Deposit,Receita de Vendas,748,Principal
2022-04-19,Daily Sales Deposit,Receita de Vendas,765,Principal
2022-04-20,Daily Sales Deposit,Receita de Vendas,709,Principal
2022-04-21,Daily Sales Deposit,Receita de Vendas,568,Principal
2022-04-21,Bakery Payment,Custo de Mercadoria (CMV),-167,Principal
2022-04-22,Daily Sales Deposit,Receita de Vendas,797,Principal
2022-04-23,Daily Sales Deposit,Receita de Vendas,783,Principal
2022-04-24,Daily Sales Deposit,Receita de Vendas,594,Principal
2022-04-25,Daily Sales Deposit,Receita de Vendas,432,Principal
2022-04-26,Daily Sales Deposit,Receita de Vendas,770,Principal
2022-04-27,Daily Sales Deposit,Receita de Vendas,421,Principal
2022-04-28,Daily Sales Deposit,Receita de Vendas,437,Principal
2022-04-29,Daily Sales Deposit,Receita de Vendas,450,Principal
2022-04-30,Daily Sales Deposit,Receita de Vendas,682,Principal
2022-05-01,Daily Sales Deposit,Receita de Vendas,676,Principal
2022-05-02,Daily Sales Deposit,Receita de Vendas,683,Principal
2022-05-03,Daily Sales Deposit,Receita de Vendas,716,Principal
2022-05-04,Daily Sales Deposit,Receita de Vendas,403,Principal
2022-05-04,Bakery Payment,Custo de Mercadoria (CMV),-148,Principal
2022-05-05,Daily Sales Deposit,Receita de Vendas,571,Principal
2022-05-06,Daily Sales Deposit,Receita de Vendas,445,Principal
2022-05-07,Daily Sales Deposit,Receita de Vendas,498,Principal
2022-05-08,Daily Sales Deposit,Receita de Vendas,436,Principal
2022-05-09,Daily Sales Deposit,Receita de Vendas,701,Principal
2022-05-10,Daily Sales Deposit,Receita de Vendas,498,Principal
2022-05-11,Daily Sales Deposit,Receita de Vendas,515,Principal
2022-05-12,Daily Sales Deposit,Receita de Vendas,560,Principal
2022-05-13,Daily Sales Deposit,Receita de Vendas,527,Principal
2022-05-14,Daily Sales Deposit,Receita de Vendas,622,Principal
2022-05-15,Daily Sales Deposit,Receita de Vendas,722,Principal
2022-05-16,Daily Sales Deposit,Receita de Vendas,679,Principal
2022-05-17,Daily Sales Deposit,Receita de Vendas,741,Principal
2022-05-18,Daily Sales Deposit,Receita de Vendas,526,Principal
2022-05-19,Daily Sales Deposit,Receita de Vendas,785,Principal
2022-05-20,Daily Sales Deposit,Receita de Vendas,503,Principal
2022-05-21,Daily Sales Deposit,Receita de Vendas,698,Principal
2022-05-22,Daily Sales Deposit,Receita de Vendas,438,Principal
2022-05-23,Daily Sales Deposit,Receita de Vendas,646,Principal
2022-05-24,Daily Sales Deposit,Receita de Vendas,705,Principal
2022-05-25,Daily Sales Deposit,Receita de Vendas,412,Principal
2022-05-25,Bakery Payment,Custo de Mercadoria (CMV),-490,Principal
2022-05-26,Daily Sales Deposit,Receita de Vendas,435,Principal
2022-05-27,Daily Sales Deposit,Receita de Vendas,720,Principal
2022-05-27,Rent Payment,Despesa Operacional,-499,Principal
2022-05-28,Daily Sales Deposit,Receita de Vendas,770,Principal
2022-05-29,Daily Sales Deposit,Receita de Vendas,491,Principal
2022-05-30,Daily Sales Deposit,Receita de Vendas,687,Principal
2022-05-31,Daily Sales Deposit,Receita de Vendas,741,Principal
2022-06-01,Daily Sales Deposit,Receita de Vendas,585,Principal
2022-06-02,Daily Sales Deposit,Receita de Vendas,524,Principal
2022-06-03,Daily Sales Deposit,Receita de Vendas,457,Principal
2022-06-03,Coffee Supplier Payment,Custo de Mercadoria (CMV),-279,Principal
2022-06-04,Daily Sales Deposit,Receita de Vendas,725,Principal
2022-06-05,Daily Sales Deposit,Receita de Vendas,500,Principal
2022-06-06,Daily Sales Deposit,Receita de Vendas,452,Principal
2022-06-07,Daily Sales Deposit,Receita de Vendas,507,Principal
2022-06-08,Daily Sales Deposit,Receita de Vendas,595,Principal
2022-06-09,Daily Sales Deposit,Receita de Vendas,771,Principal
2022-06-10,Daily Sales Deposit,Receita de Vendas,754,Principal
2022-06-11,Daily Sales Deposit,Receita de Vendas,707,Principal
2022-06-11,Rent Payment,Despesa Operacional,-469,Principal
2022-06-12,Daily Sales Deposit,Receita de Vendas,505,Principal
2022-06-13,Daily Sales Deposit,Receita de Vendas,544,Principal
2022-06-14,Daily Sales Deposit,Receita de Vendas,674,Principal
2022-06-15,Daily Sales Deposit,Receita de Vendas,745,Principal
2022-06-15,Bakery Payment,Custo de Mercadoria (CMV),-216,Principal
2022-06-16,Daily Sales Deposit,Receita de Vendas,795,Principal
2022-06-17,Daily Sales Deposit,Receita de Vendas,457,Principal
2022-06-18,Daily Sales Deposit,Receita de Vendas,638,Principal
2022-06-19,Daily Sales Deposit,Receita de Vendas,525,Principal
2022-06-19,Maintenance Payment,Despesa Operacional,-188,Principal
2022-06-20,Daily Sales Deposit,Receita de Vendas,772,Principal
2022-06-21,Daily Sales Deposit,Receita de Vendas,588,Principal
2022-06-22,Daily Sales Deposit,Receita de Vendas,468,Principal
2022-06-23,Daily Sales Deposit,Receita de Vendas,646,Principal
2022-06-23,Utility Bill Payment,Despesa Operacional,-253,Principal
2022-06-24,Daily Sales Deposit,Receita de Vendas,485,Principal
2022-06-24,Maintenance Payment,Despesa Operacional,-319,Principal
2022-06-25,Daily Sales Deposit,Receita de Vendas,446,Principal
2022-06-25,Rent Payment,Despesa Operacional,-337,Principal
2022-06-26,Daily Sales Deposit,Receita de Vendas,603,Principal
2022-06-26,Rent Payment,Despesa Operacional,-440,Principal
2022-06-27,Daily Sales Deposit,Receita de Vendas,688,Principal
2022-06-28,Daily Sales Deposit,Receita de Vendas,756,Principal
2022-06-29,Daily Sales Deposit,Receita de Vendas,409,Principal
2022-06-30,Daily Sales Deposit,Receita de Vendas,499,Principal
2022-06-30,Coffee Supplier Payment,Custo de Mercadoria (CMV),-322,Principal
2022-07-01,Daily Sales Deposit,Receita de Vendas,749,Principal
2022-07-02,Daily Sales Deposit,Receita de Vendas,595,Principal
2022-07-03,Daily Sales Deposit,Receita de Vendas,824,Principal
2022-07-04,Daily Sales Deposit,Receita de Vendas,515,Principal
2022-07-04,Coffee Supplier Payment,Custo de Mercadoria (CMV),-346,Principal
2022-07-05,Daily Sales Deposit,Receita de Vendas,996,Principal
2022-07-06,Daily Sales Deposit,Receita de Vendas,659,Principal
2022-07-07,Daily Sales Deposit,Receita de Vendas,651,Principal
2022-07-08,Daily Sales Deposit,Receita de Vendas,662,Principal
2022-07-09,Daily Sales Deposit,Receita de Vendas,916,Principal
2022-07-10,Daily Sales Deposit,Receita de Vendas,926,Principal
2022-07-11,Daily Sales Deposit,Receita de Vendas,822,Principal
2022-07-12,Daily Sales Deposit,Receita de Vendas,667,Principal
2022-07-13,Daily Sales Deposit,Receita de Vendas,543,Principal
2022-07-14,Daily Sales Deposit,Receita de Vendas,511,Principal
2022-07-14,Maintenance Payment,Despesa Operacional,-485,Principal
2022-07-15,Daily Sales Deposit,Receita de Vendas,998,Principal
2022-07-16,Daily Sales Deposit,Receita de Vendas,714,Principal
2022-07-16,Maintenance Payment,Despesa Operacional,-363,Principal
2022-07-17,Daily Sales Deposit,Receita de Vendas,909,Principal
2022-07-18,Daily Sales Deposit,Receita de Vendas,917,Principal
2022-07-19,Daily Sales Deposit,Receita de Vendas,890,Principal
2022-07-19,Maintenance Payment,Despesa Operacional,-213,Principal
2022-07-20,Daily Sales Deposit,Receita de Vendas,574,Principal
2022-07-21,Daily Sales Deposit,Receita de Vendas,919,Principal
2022-07-22,Daily Sales Deposit,Receita de Vendas,748,Principal
2022-07-23,Daily Sales Deposit,Receita de Vendas,856,Principal
2022-07-24,Daily Sales Deposit,Receita de Vendas,691,Principal
2022-07-25,Daily Sales Deposit,Receita de Vendas,598,Principal
2022-07-26,Daily Sales Deposit,Receita de Vendas,965,Principal
2022-07-27,Daily Sales Deposit,Receita de Vendas,595,Principal
2022-07-28,Daily Sales Deposit,Receita de Vendas,689,Principal
2022-07-29,Daily Sales Deposit,Receita de Vendas,767,Principal
2022-07-30,Daily Sales Deposit,Receita de Vendas,512,Principal
2022-07-31,Daily Sales Deposit,Receita de Vendas,854,Principal
2022-07-31,Bakery Payment,Custo de Mercadoria (CMV),-372,Principal
2022-08-01,Daily Sales Deposit,Receita de Vendas,561,Principal
2022-08-02,Daily Sales Deposit,Receita de Vendas,716,Principal
2022-08-03,Daily Sales Deposit,Receita de Vendas,686,Principal
2022-08-03,Rent Payment,Despesa Operacional,-199,Principal
2022-08-04,Daily Sales Deposit,Receita de Vendas,944,Principal
2022-08-05,Daily Sales Deposit,Receita de Vendas,575,Principal
2022-08-06,Daily Sales Deposit,Receita de Vendas,783,Principal
2022-08-07,Daily Sales Deposit,Receita de Vendas,883,Principal
2022-08-08,Daily Sales Deposit,Receita de Vendas,866,Principal
2022-08-08,Utility Bill Payment,Despesa Operacional,-168,Principal
2022-08-09,Daily Sales Deposit,Receita de Vendas,895,Principal
2022-08-10,Daily Sales Deposit,Receita de Vendas,878,Principal
2022-08-11,Daily Sales Deposit,Receita de Vendas,552,Principal
2022-08-12,Daily Sales Deposit,Receita de Vendas,556,Principal
2022-08-12,Coffee Supplier Payment,Custo de Mercadoria (CMV),-280,Principal
2022-08-13,Daily Sales Deposit,Receita de Vendas,685,Principal
2022-08-13,Coffee Supplier Payment,Custo de Mercadoria (CMV),-322,Principal
2022-08-14,Daily Sales Deposit,Receita de Vendas,632,Principal
2022-08-15,Daily Sales Deposit,Receita de Vendas,720,Principal
2022-08-16,Daily Sales Deposit,Receita de Vendas,645,Principal
2022-08-17,Daily Sales Deposit,Receita de Vendas,508,Principal
2022-08-18,Daily Sales Deposit,Receita de Vendas,991,Principal
2022-08-19,Daily Sales Deposit,Receita de Vendas,729,Principal
2022-08-19,Coffee Supplier Payment,Custo de Mercadoria (CMV),-240,Principal
2022-08-20,Daily Sales Deposit,Receita de Vendas,892,Principal
2022-08-21,Daily Sales Deposit,Receita de Vendas,621,Principal
2022-08-21,Maintenance Payment,Despesa Operacional,-128,Principal
2022-08-22,Daily Sales Deposit,Receita de Vendas,921,Principal
2022-08-23,Daily Sales Deposit,Receita de Vendas,995,Principal
2022-08-24,Daily Sales Deposit,Receita de Vendas,841,Principal
2022-08-25,Daily Sales Deposit,Receita de Vendas,826,Principal
2022-08-26,Daily Sales Deposit,Receita de Vendas,631,Principal
2022-08-27,Daily Sales Deposit,Receita de Vendas,751,Principal
2022-08-27,Utility Bill Payment,Despesa Operacional,-463,Principal
2022-08-28,Daily Sales Deposit,Receita de Vendas,701,Principal
2022-08-29,Daily Sales Deposit,Receita de Vendas,538,Principal
2022-08-30,Daily Sales Deposit,Receita de Vendas,672,Principal
2022-08-30,Coffee Supplier Payment,Custo de Mercadoria (CMV),-319,Principal
2022-08-31,Daily Sales Deposit,Receita de Vendas,647,Principal
2022-08-31,Bakery Payment,Custo de Mercadoria (CMV),-416,Principal
2022-09-01,Daily Sales Deposit,Receita de Vendas,1122,Principal
2022-09-02,Daily Sales Deposit,Receita de Vendas,1160,Principal
2022-09-03,Daily Sales Deposit,Receita de Vendas,890,Principal
2022-09-04,Daily Sales Deposit,Receita de Vendas,1108,Principal
2022-09-05,Daily Sales Deposit,Receita de Vendas,1121,Principal
2022-09-06,Daily Sales Deposit,Receita de Vendas,757,Principal
2022-09-06,Maintenance Payment,Despesa Operacional,-259,Principal
2022-09-07,Daily Sales Deposit,Receita de Vendas,1016,Principal
2022-09-08,Daily Sales Deposit,Receita de Vendas,779,Principal
2022-09-09,Daily Sales Deposit,Receita de Vendas,902,Principal
2022-09-10,Daily Sales Deposit,Receita de Vendas,863,Principal
2022-09-11,Daily Sales Deposit,Receita de Vendas,719,Principal
2022-09-11,Bakery Payment,Custo de Mercadoria (CMV),-146,Principal
2022-09-12,Daily Sales Deposit,Receita de Vendas,1004,Principal
2022-09-13,Daily Sales Deposit,Receita de Vendas,1114,Principal
2022-09-14,Daily Sales Deposit,Receita de Vendas,753,Principal
2022-09-15,Daily Sales Deposit,Receita de Vendas,843,Principal
2022-09-16,Daily Sales Deposit,Receita de Vendas,1158,Principal
2022-09-17,Daily Sales Deposit,Receita de Vendas,923,Principal
2022-09-17,Rent Payment,Despesa Operacional,-457,Principal
2022-09-18,Daily Sales Deposit,Receita de Vendas,1107,Principal
2022-09-19,Daily Sales Deposit,Receita de Vendas,707,Principal
2022-09-19,Coffee Supplier Payment,Custo de Mercadoria (CMV),-263,Principal
2022-09-20,Daily Sales Deposit,Receita de Vendas,835,Principal
2022-09-21,Daily Sales Deposit,Receita de Vendas,877,Principal
2022-09-22,Daily Sales Deposit,Receita de Vendas,1056,Principal
2022-09-23,Daily Sales Deposit,Receita de Vendas,891,Principal
2022-09-24,Daily Sales Deposit,Receita de Vendas,1146,Principal
2022-09-25,Daily Sales Deposit,Receita de Vendas,1116,Principal
2022-09-26,Daily Sales Deposit,Receita de Vendas,1160,Principal
2022-09-27,Daily Sales Deposit,Receita de Vendas,1112,Principal
2022-09-27,Maintenance Payment,Despesa Operacional,-134,Principal
2022-09-28,Daily Sales Deposit,Receita de Vendas,1089,Principal
2022-09-29,Daily Sales Deposit,Receita de Vendas,955,Principal
2022-09-30,Daily Sales Deposit,Receita de Vendas,1108,Principal
2022-10-01,Daily Sales Deposit,Receita de Vendas,1011,Principal
2022-10-02,Daily Sales Deposit,Receita de Vendas,950,Principal
2022-10-02,Bakery Payment,Custo de Mercadoria (CMV),-218,Principal
2022-10-03,Daily Sales Deposit,Receita de Vendas,1073,Principal
2022-10-04,Daily Sales Deposit,Receita de Vendas,923,Principal
2022-10-05,Daily Sales Deposit,Receita de Vendas,966,Principal
2022-10-06,Daily Sales Deposit,Receita de Vendas,762,Principal
2022-10-07,Daily Sales Deposit,Receita de Vendas,1014,Principal
2022-10-08,Daily Sales Deposit,Receita de Vendas,1160,Principal
2022-10-08,Utility Bill Payment,Despesa Operacional,-204,Principal
2022-10-09,Daily Sales Deposit,Receita de Vendas,1084,Principal
2022-10-09,Rent Payment,Despesa Operacional,-410,Principal
2022-10-10,Daily Sales Deposit,Receita de Vendas,1164,Principal
2022-10-11,Daily Sales Deposit,Receita de Vendas,832,Principal
2022-10-12,Daily Sales Deposit,Receita de Vendas,1136,Principal
2022-10-13,Daily Sales Deposit,Receita de Vendas,752,Principal
2022-10-14,Daily Sales Deposit,Receita de Vendas,1157,Principal
2022-10-15,Daily Sales Deposit,Receita de Vendas,784,Principal
2022-10-16,Daily Sales Deposit,Receita de Vendas,1065,Principal
2022-10-17,Daily Sales Deposit,Receita de Vendas,872,Principal
2022-10-18,Daily Sales Deposit,Receita de Vendas,1145,Principal
2022-10-19,Daily Sales Deposit,Receita de Vendas,1187,Principal
2022-10-20,Daily Sales Deposit,Receita de Vendas,1047,Principal
2022-10-21,Daily Sales Deposit,Receita de Vendas,738,Principal
2022-10-22,Daily Sales Deposit,Receita de Vendas,861,Principal
2022-10-23,Daily Sales Deposit,Receita de Vendas,958,Principal
2022-10-24,Daily Sales Deposit,Receita de Vendas,967,Principal
2022-10-25,Daily Sales Deposit,Receita de Vendas,935,Principal
2022-10-26,Daily Sales Deposit,Receita de Vendas,921,Principal
2022-10-27,Daily Sales Deposit,Receita de Vendas,1100,Principal
2022-10-27,Maintenance Payment,Despesa Operacional,-402,Principal
2022-10-28,Daily Sales Deposit,Receita de Vendas,1040,Principal
2022-10-29,Daily Sales Deposit,Receita de Vendas,774,Principal
2022-10-30,Daily Sales Deposit,Receita de Vendas,1121,Principal
2022-10-31,Daily Sales Deposit,Receita de Vendas,925,Principal
2022-11-01,Daily Sales Deposit,Receita de Vendas,797,Principal
2022-11-02,Daily Sales Deposit,Receita de Vendas,1034,Principal
2022-11-03,Daily Sales Deposit,Receita de Vendas,1146,Principal
2022-11-04,Daily Sales Deposit,Receita de Vendas,948,Principal
2022-11-05,Daily Sales Deposit,Receita de Vendas,1171,Principal
2022-11-06,Daily Sales Deposit,Receita de Vendas,729,Principal
2022-11-07,Daily Sales Deposit,Receita de Vendas,750,Principal
2022-11-08,Daily Sales Deposit,Receita de Vendas,984,Principal
2022-11-08,Bakery Payment,Custo de Mercadoria (CMV),-283,Principal
2022-11-09,Daily Sales Deposit,Receita de Vendas,1029,Principal
2022-11-10,Daily Sales Deposit,Receita de Vendas,1039,Principal
2022-11-11,Daily Sales Deposit,Receita de Vendas,733,Principal
2022-11-12,Daily Sales Deposit,Receita de Vendas,1149,Principal
2022-11-13,Daily Sales Deposit,Receita de Vendas,934,Principal
2022-11-14,Daily Sales Deposit,Receita de Vendas,1158,Principal
2022-11-14,Utility Bill Payment,Despesa Operacional,-348,Principal
2022-11-15,Daily Sales Deposit,Receita de Vendas,1073,Principal
2022-11-16,Daily Sales Deposit,Receita de Vendas,1087,Principal
2022-11-16,Bakery Payment,Custo de Mercadoria (CMV),-283,Principal
2022-11-17,Daily Sales Deposit,Receita de Vendas,894,Principal
2022-11-18,Daily Sales Deposit,Receita de Vendas,854,Principal
2022-11-19,Daily Sales Deposit,Receita de Vendas,1133,Principal
2022-11-20,Daily Sales Deposit,Receita de Vendas,750,Principal
2022-11-20,Coffee Supplier Payment,Custo de Mercadoria (CMV),-104,Principal
2022-11-21,Daily Sales Deposit,Receita de Vendas,791,Principal
2022-11-22,Daily Sales Deposit,Receita de Vendas,721,Principal
2022-11-22,Maintenance Payment,Despesa Operacional,-100,Principal
2022-11-23,Daily Sales Deposit,Receita de Vendas,932,Principal
2022-11-24,Daily Sales Deposit,Receita de Vendas,745,Principal
2022-11-25,Daily Sales Deposit,Receita de Vendas,777,Principal
2022-11-26,Daily Sales Deposit,Receita de Vendas,1110,Principal
2022-11-26,Bakery Payment,Custo de Mercadoria (CMV),-348,Principal
2022-11-27,Daily Sales Deposit,Receita de Vendas,913,Principal
2022-11-27,Utility Bill Payment,Despesa Operacional,-449,Principal
2022-11-28,Daily Sales Deposit,Receita de Vendas,1018,Principal
2022-11-29,Daily Sales Deposit,Receita de Vendas,1036,Principal
2022-11-30,Daily Sales Deposit,Receita de Vendas,956,Principal
2022-11-30,Maintenance Payment,Despesa Operacional,-454,Principal
2022-12-01,Daily Sales Deposit,Receita de Vendas,879,Principal
2022-12-02,Daily Sales Deposit,Receita de Vendas,826,Principal
2022-12-03,Daily Sales Deposit,Receita de Vendas,713,Principal
2022-12-04,Daily Sales Deposit,Receita de Vendas,1170,Principal
2022-12-05,Daily Sales Deposit,Receita de Vendas,1085,Principal
2022-12-06,Daily Sales Deposit,Receita de Vendas,713,Principal
2022-12-06,Utility Bill Payment,Despesa Operacional,-470,Principal
2022-12-07,Daily Sales Deposit,Receita de Vendas,810,Principal
2022-12-08,Daily Sales Deposit,Receita de Vendas,1062,Principal
2022-12-09,Daily Sales Deposit,Receita de Vendas,1192,Principal
2022-12-10,Daily Sales Deposit,Receita de Vendas,993,Principal
2022-12-11,Daily Sales Deposit,Receita de Vendas,714,Principal
2022-12-11,Maintenance Payment,Despesa Operacional,-218,Principal
2022-12-12,Daily Sales Deposit,Receita de Vendas,727,Principal
2022-12-12,Coffee Supplier Payment,Custo de Mercadoria (CMV),-372,Principal
2022-12-13,Daily Sales Deposit,Receita de Vendas,825,Principal
2022-12-13,Maintenance Payment,Despesa Operacional,-244,Principal
2022-12-14,Daily Sales Deposit,Receita de Vendas,911,Principal
2022-12-15,Daily Sales Deposit,Receita de Vendas,1093,Principal
2022-12-16,Daily Sales Deposit,Receita de Vendas,808,Principal
2022-12-17,Daily Sales Deposit,Receita de Vendas,927,Principal
2022-12-18,Daily Sales Deposit,Receita de Vendas,733,Principal
2022-12-19,Daily Sales Deposit,Receita de Vendas,1123,Principal
2022-12-20,Daily Sales Deposit,Receita de Vendas,782,Principal
2022-12-21,Daily Sales Deposit,Receita de Vendas,800,Principal
2022-12-22,Daily Sales Deposit,Receita de Vendas,981,Principal
2022-12-23,Daily Sales Deposit,Receita de Vendas,1142,Principal
2022-12-24,Daily Sales Deposit,Receita de Vendas,1064,Principal
2022-12-25,Daily Sales Deposit,Receita de Vendas,1076,Principal
2022-12-26,Daily Sales Deposit,Receita de Vendas,849,Principal
2022-12-27,Daily Sales Deposit,Receita de Vendas,769,Principal
2022-12-28,Daily Sales Deposit,Receita de Vendas,703,Principal
2022-12-29,Daily Sales Deposit,Receita de Vendas,1145,Principal
2022-12-30,Daily Sales Deposit,Receita de Vendas,794,Principal
2022-12-30,Utility Bill Payment,Despesa Operacional,-236,Principal
2022-12-31,Daily Sales Deposit,Receita de Vendas,942,Principal
2022-12-31,Rent Payment,Despesa Operacional,-328,Principal
2023-01-01,Daily Sales Deposit,Receita de Vendas,1107,Principal
2023-01-01,Rent Payment,Despesa Operacional,-421,Principal
2023-01-02,Daily Sales Deposit,Receita de Vendas,919,Principal
2023-01-03,Daily Sales Deposit,Receita de Vendas,1034,Principal
2023-01-04,Daily Sales Deposit,Receita de Vendas,1068,Principal
2023-01-05,Daily Sales Deposit,Receita de Vendas,1185,Principal
2023-01-06,Daily Sales Deposit,Receita de Vendas,1140,Principal
2023-01-07,Daily Sales Deposit,Receita de Vendas,902,Principal
2023-01-08,Daily Sales Deposit,Receita de Vendas,1134,Principal
2023-01-09,Daily Sales Deposit,Receita de Vendas,832,Principal
2023-01-09,Rent Payment,Despesa Operacional,-217,Principal
2023-01-10,Daily Sales Deposit,Receita de Vendas,974,Principal
2023-01-10,Bakery Payment,Custo de Mercadoria (CMV),-119,Principal
2023-01-11,Daily Sales Deposit,Receita de Vendas,839,Principal
2023-01-11,Maintenance Payment,Despesa Operacional,-189,Principal
2023-01-12,Daily Sales Deposit,Receita de Vendas,1081,Principal
2023-01-12,Maintenance Payment,Despesa Operacional,-455,Principal
2023-01-13,Daily Sales Deposit,Receita de Vendas,1190,Principal
2023-01-14,Daily Sales Deposit,Receita de Vendas,1089,Principal
2023-01-15,Daily Sales Deposit,Receita de Vendas,709,Principal
2023-01-16,Daily Sales Deposit,Receita de Vendas,837,Principal
2023-01-17,Daily Sales Deposit,Receita de Vendas,712,Principal
2023-01-18,Daily Sales Deposit,Receita de Vendas,783,Principal
2023-01-19,Daily Sales Deposit,Receita de Vendas,800,Principal
2023-01-19,Utility Bill Payment,Despesa Operacional,-364,Principal
2023-01-20,Daily Sales Deposit,Receita de Vendas,1098,Principal
2023-01-21,Daily Sales Deposit,Receita de Vendas,1118,Principal
2023-01-22,Daily Sales Deposit,Receita de Vendas,1004,Principal
2023-01-23,Daily Sales Deposit,Receita de Vendas,1143,Principal
2023-01-24,Daily Sales Deposit,Receita de Vendas,1033,Principal
2023-01-25,Daily Sales Deposit,Receita de Vendas,1158,Principal
2023-01-26,Daily Sales Deposit,Receita de Vendas,775,Principal
2023-01-27,Daily Sales Deposit,Receita de Vendas,700,Principal
2023-01-28,Daily Sales Deposit,Receita de Vendas,1105,Principal
2023-01-28,Utility Bill Payment,Despesa Operacional,-448,Principal
2023-01-29,Daily Sales Deposit,Receita de Vendas,1060,Principal
2023-01-30,Daily Sales Deposit,Receita de Vendas,1015,Principal
2023-01-30,Maintenance Payment,Despesa Operacional,-312,Principal
2023-01-31,Daily Sales Deposit,Receita de Vendas,704,Principal
2023-02-01,Daily Sales Deposit,Receita de Vendas,777,Principal
2023-02-02,Daily Sales Deposit,Receita de Vendas,831,Principal
2023-02-03,Daily Sales Deposit,Receita de Vendas,741,Principal
2023-02-04,Daily Sales Deposit,Receita de Vendas,995,Principal
2023-02-05,Daily Sales Deposit,Receita de Vendas,803,Principal
2023-02-06,Daily Sales Deposit,Receita de Vendas,878,Principal
2023-02-07,Daily Sales Deposit,Receita de Vendas,1052,Principal
2023-02-08,Daily Sales Deposit,Receita de Vendas,842,Principal
2023-02-09,Daily Sales Deposit,Receita de Vendas,844,Principal
2023-02-10,Daily Sales Deposit,Receita de Vendas,1149,Principal
2023-02-11,Daily Sales Deposit,Receita de Vendas,803,Principal
2023-02-12,Daily Sales Deposit,Receita de Vendas,738,Principal
2023-02-12,Utility Bill Payment,Despesa Operacional,-233,Principal
2023-02-13,Daily Sales Deposit,Receita de Vendas,1090,Principal
2023-02-14,Daily Sales Deposit,Receita de Vendas,741,Principal
2023-02-14,Maintenance Payment,Despesa Operacional,-114,Principal
2023-02-15,Daily Sales Deposit,Receita de Vendas,988,Principal
2023-02-16,Daily Sales Deposit,Receita de Vendas,930,Principal
2023-02-17,Daily Sales Deposit,Receita de Vendas,856,Principal
2023-02-17,Maintenance Payment,Despesa Operacional,-196,Principal
2023-02-18,Daily Sales Deposit,Receita de Vendas,1184,Principal
2023-02-19,Daily Sales Deposit,Receita de Vendas,988,Principal
2023-02-19,Coffee Supplier Payment,Custo de Mercadoria (CMV),-185,Principal
2023-02-20,Daily Sales Deposit,Receita de Vendas,709,Principal
2023-02-21,Daily Sales Deposit,Receita de Vendas,1029,Principal
2023-02-22,Daily Sales Deposit,Receita de Vendas,993,Principal
2023-02-23,Daily Sales Deposit,Receita de Vendas,1002,Principal
2023-02-24,Daily Sales Deposit,Receita de Vendas,915,Principal
2023-02-25,Daily Sales Deposit,Receita de Vendas,714,Principal
2023-02-26,Daily Sales Deposit,Receita de Vendas,960,Principal
2023-02-27,Daily Sales Deposit,Receita de Vendas,1023,Principal
2023-02-28,Daily Sales Deposit,Receita de Vendas,829,Principal
2023-02-28,Utility Bill Payment,Despesa Operacional,-214,Principal
2023-03-01,Daily Sales Deposit,Receita de Vendas,691,Principal
2023-03-02,Daily Sales Deposit,Receita de Vendas,682,Principal
2023-03-03,Daily Sales Deposit,Receita de Vendas,410,Principal
2023-03-04,Daily Sales Deposit,Receita de Vendas,759,Principal
2023-03-05,Daily Sales Deposit,Receita de Vendas,599,Principal
2023-03-06,Daily Sales Deposit,Receita de Vendas,745,Principal
2023-03-07,Daily Sales Deposit,Receita de Vendas,795,Principal
2023-03-08,Daily Sales Deposit,Receita de Vendas,503,Principal
2023-03-09,Daily Sales Deposit,Receita de Vendas,510,Principal
2023-03-10,Daily Sales Deposit,Receita de Vendas,570,Principal
2023-03-11,Daily Sales Deposit,Receita de Vendas,755,Principal
2023-03-12,Daily Sales Deposit,Receita de Vendas,532,Principal
2023-03-13,Daily Sales Deposit,Receita de Vendas,727,Principal
2023-03-14,Daily Sales Deposit,Receita de Vendas,491,Principal
2023-03-15,Daily Sales Deposit,Receita de Vendas,792,Principal
2023-03-16,Daily Sales Deposit,Receita de Vendas,428,Principal
2023-03-16,Utility Bill Payment,Despesa Operacional,-396,Principal
2023-03-17,Daily Sales Deposit,Receita de Vendas,656,Principal
2023-03-17,Rent Payment,Despesa Operacional,-445,Principal
2023-03-18,Daily Sales Deposit,Receita de Vendas,581,Principal
2023-03-19,Daily Sales Deposit,Receita de Vendas,400,Principal
2023-03-20,Daily Sales Deposit,Receita de Vendas,454,Principal
2023-03-21,Daily Sales Deposit,Receita de Vendas,798,Principal
2023-03-22,Daily Sales Deposit,Receita de Vendas,708,Principal
2023-03-23,Daily Sales Deposit,Receita de Vendas,712,Principal
2023-03-23,Rent Payment,Despesa Operacional,-390,Principal
2023-03-24,Daily Sales Deposit,Receita de Vendas,424,Principal
2023-03-25,Daily Sales Deposit,Receita de Vendas,693,Principal
2023-03-26,Daily Sales Deposit,Receita de Vendas,609,Principal
2023-03-27,Daily Sales Deposit,Receita de Vendas,746,Principal
2023-03-28,Daily Sales Deposit,Receita de Vendas,763,Principal
2023-03-29,Daily Sales Deposit,Receita de Vendas,581,Principal
2023-03-29,Maintenance Payment,Despesa Operacional,-279,Principal
2023-03-30,Daily Sales Deposit,Receita de Vendas,743,Principal
2023-03-31,Daily Sales Deposit,Receita de Vendas,684,Principal
2023-04-01,Daily Sales Deposit,Receita de Vendas,549,Principal
2023-04-02,Daily Sales Deposit,Receita de Vendas,769,Principal
2023-04-03,Daily Sales Deposit,Receita de Vendas,736,Principal
2023-04-04,Daily Sales Deposit,Receita de Vendas,576,Principal
2023-04-05,Daily Sales Deposit,Receita de Vendas,741,Principal
2023-04-05,Bakery Payment,Custo de Mercadoria (CMV),-288,Principal
2023-04-06,Daily Sales Deposit,Receita de Vendas,726,Principal
2023-04-07,Daily Sales Deposit,Receita de Vendas,540,Principal
2023-04-08,Daily Sales Deposit,Receita de Vendas,778,Principal
2023-04-09,Daily Sales Deposit,Receita de Vendas,717,Principal
2023-04-10,Daily Sales Deposit,Receita de Vendas,684,Principal
2023-04-11,Daily Sales Deposit,Receita de Vendas,685,Principal
2023-04-12,Daily Sales Deposit,Receita de Vendas,418,Principal
2023-04-12,Utility Bill Payment,Despesa Operacional,-177,Principal
2023-04-13,Daily Sales Deposit,Receita de Vendas,574,Principal
2023-04-14,Daily Sales Deposit,Receita de Vendas,512,Principal
2023-04-15,Daily Sales Deposit,Receita de Vendas,565,Principal
2023-04-16,Daily Sales Deposit,Receita de Vendas,531,Principal
2023-04-16,Utility Bill Payment,Despesa Operacional,-154,Principal
2023-04-17,Daily Sales Deposit,Receita de Vendas,687,Principal
2023-04-18,Daily Sales Deposit,Receita de Vendas,765,Principal
2023-04-19,Daily Sales Deposit,Receita de Vendas,486,Principal
2023-04-20,Daily Sales Deposit,Receita de Vendas,687,Principal
2023-04-21,Daily Sales Deposit,Receita de Vendas,748,Principal
2023-04-22,Daily Sales Deposit,Receita de Vendas,712,Principal
2023-04-23,Daily Sales Deposit,Receita de Vendas,654,Principal
2023-04-23,Bakery Payment,Custo de Mercadoria (CMV),-153,Principal
2023-04-24,Daily Sales Deposit,Receita de Vendas,638,Principal
2023-04-25,Daily Sales Deposit,Receita de Vendas,450,Principal
2023-04-26,Daily Sales Deposit,Receita de Vendas,663,Principal
2023-04-26,Utility Bill Payment,Despesa Operacional,-195,Principal
2023-04-27,Daily Sales Deposit,Receita de Vendas,799,Principal
2023-04-28,Daily Sales Deposit,Receita de Vendas,564,Principal
2023-04-28,Coffee Supplier Payment,Custo de Mercadoria (CMV),-497,Principal
2023-04-29,Daily Sales Deposit,Receita de Vendas,406,Principal
2023-04-30,Daily Sales Deposit,Receita de Vendas,560,Principal
2023-05-01,Daily Sales Deposit,Receita de Vendas,546,Principal
2023-05-01,Maintenance Payment,Despesa Operacional,-135,Principal
2023-05-02,Daily Sales Deposit,Receita de Vendas,587,Principal
2023-05-03,Daily Sales Deposit,Receita de Vendas,784,Principal
2023-05-04,Daily Sales Deposit,Receita de Vendas,410,Principal
2023-05-05,Daily Sales Deposit,Receita de Vendas,785,Principal
2023-05-06,Daily Sales Deposit,Receita de Vendas,518,Principal
2023-05-07,Daily Sales Deposit,Receita de Vendas,660,Principal
2023-05-08,Daily Sales Deposit,Receita de Vendas,655,Principal
2023-05-09,Daily Sales Deposit,Receita de Vendas,625,Principal
2023-05-10,Daily Sales Deposit,Receita de Vendas,754,Principal
2023-05-11,Daily Sales Deposit,Receita de Vendas,741,Principal
2023-05-12,Daily Sales Deposit,Receita de Vendas,480,Principal
2023-05-13,Daily Sales Deposit,Receita de Vendas,519,Principal
2023-05-14,Daily Sales Deposit,Receita de Vendas,614,Principal
2023-05-15,Daily Sales Deposit,Receita de Vendas,608,Principal
2023-05-16,Daily Sales Deposit,Receita de Vendas,608,Principal
2023-05-17,Daily Sales Deposit,Receita de Vendas,439,Principal
2023-05-18,Daily Sales Deposit,Receita de Vendas,680,Principal
2023-05-19,Daily Sales Deposit,Receita de Vendas,645,Principal
2023-05-20,Daily Sales Deposit,Receita de Vendas,403,Principal
2023-05-20,Maintenance Payment,Despesa Operacional,-128,Principal
2023-05-21,Daily Sales Deposit,Receita de Vendas,497,Principal
2023-05-22,Daily Sales Deposit,Receita de Vendas,474,Principal
2023-05-23,Daily Sales Deposit,Receita de Vendas,527,Principal
2023-05-23,Bakery Payment,Custo de Mercadoria (CMV),-455,Principal
2023-05-24,Daily Sales Deposit,Receita de Vendas,433,Principal
2023-05-25,Daily Sales Deposit,Receita de Vendas,552,Principal
2023-05-26,Daily Sales Deposit,Receita de Vendas,475,Principal
2023-05-27,Daily Sales Deposit,Receita de Vendas,761,Principal
2023-05-27,Bakery Payment,Custo de Mercadoria (CMV),-126,Principal
2023-05-28,Daily Sales Deposit,Receita de Vendas,686,Principal
2023-05-29,Daily Sales Deposit,Receita de Vendas,567,Principal
2023-05-30,Daily Sales Deposit,Receita de Vendas,636,Principal
2023-05-31,Daily Sales Deposit,Receita de Vendas,793,Principal
2023-06-01,Daily Sales Deposit,Receita de Vendas,589,Principal
2023-06-02,Daily Sales Deposit,Receita de Vendas,463,Principal
2023-06-03,Daily Sales Deposit,Receita de Vendas,709,Principal
2023-06-04,Daily Sales Deposit,Receita de Vendas,706,Principal
2023-06-04,Coffee Supplier Payment,Custo de Mercadoria (CMV),-470,Principal
2023-06-05,Daily Sales Deposit,Receita de Vendas,428,Principal
2023-06-06,Daily Sales Deposit,Receita de Vendas,695,Principal
2023-06-07,Daily Sales Deposit,Receita de Vendas,563,Principal
2023-06-08,Daily Sales Deposit,Receita de Vendas,694,Principal
2023-06-09,Daily Sales Deposit,Receita de Vendas,709,Principal
2023-06-10,Daily Sales Deposit,Receita de Vendas,510,Principal
2023-06-11,Daily Sales Deposit,Receita de Vendas,468,Principal
2023-06-12,Daily Sales Deposit,Receita de Vendas,649,Principal
2023-06-12,Utility Bill Payment,Despesa Operacional,-247,Principal
2023-06-13,Daily Sales Deposit,Receita de Vendas,626,Principal
2023-06-14,Daily Sales Deposit,Receita de Vendas,736,Principal
2023-06-15,Daily Sales Deposit,Receita de Vendas,764,Principal
2023-06-15,Coffee Supplier Payment,Custo de Mercadoria (CMV),-300,Principal
2023-06-16,Daily Sales Deposit,Receita de Vendas,472,Principal
2023-06-16,Bakery Payment,Custo de Mercadoria (CMV),-116,Principal
2023-06-17,Daily Sales Deposit,Receita de Vendas,616,Principal
2023-06-18,Daily Sales Deposit,Receita de Vendas,503,Principal
2023-06-19,Daily Sales Deposit,Receita de Vendas,438,Principal
2023-06-19,Rent Payment,Despesa Operacional,-328,Principal
2023-06-20,Daily Sales Deposit,Receita de Vendas,571,Principal
2023-06-21,Daily Sales Deposit,Receita de Vendas,501,Principal
2023-06-22,Daily Sales Deposit,Receita de Vendas,674,Principal
2023-06-23,Daily Sales Deposit,Receita de Vendas,704,Principal
2023-06-23,Bakery Payment,Custo de Mercadoria (CMV),-429,Principal
2023-06-24,Daily Sales Deposit,Receita de Vendas,710,Principal
2023-06-25,Daily Sales Deposit,Receita de Vendas,411,Principal
2023-06-26,Daily Sales Deposit,Receita de Vendas,615,Principal
2023-06-27,Daily Sales Deposit,Receita de Vendas,548,Principal
2023-06-28,Daily Sales Deposit,Receita de Vendas,773,Principal
2023-06-29,Daily Sales Deposit,Receita de Vendas,599,Principal
2023-06-30,Daily Sales Deposit,Receita de Vendas,488,Principal
2023-07-01,Daily Sales Deposit,Receita de Vendas,558,Principal
2023-07-02,Daily Sales Deposit,Receita de Vendas,864,Principal
2023-07-03,Daily Sales Deposit,Receita de Vendas,787,Principal
2023-07-04,Daily Sales Deposit,Receita de Vendas,698,Principal
2023-07-05,Daily Sales Deposit,Receita de Vendas,781,Principal
2023-07-06,Daily Sales Deposit,Receita de Vendas,749,Principal
2023-07-07,Daily Sales Deposit,Receita de Vendas,834,Principal
2023-07-08,Daily Sales Deposit,Receita de Vendas,636,Principal
2023-07-08,Coffee Supplier Payment,Custo de Mercadoria (CMV),-427,Principal
2023-07-09,Daily Sales Deposit,Receita de Vendas,814,Principal
2023-07-10,Daily Sales Deposit,Receita de Vendas,581,Principal
2023-07-11,Daily Sales Deposit,Receita de Vendas,871,Principal
2023-07-12,Daily Sales Deposit,Receita de Vendas,901,Principal
2023-07-13,Daily Sales Deposit,Receita de Vendas,602,Principal
2023-07-13,Utility Bill Payment,Despesa Operacional,-258,Principal
2023-07-14,Daily Sales Deposit,Receita de Vendas,607,Principal
2023-07-14,Utility Bill Payment,Despesa Operacional,-197,Principal
2023-07-15,Daily Sales Deposit,Receita de Vendas,792,Principal
2023-07-16,Daily Sales Deposit,Receita de Vendas,973,Principal
2023-07-17,Daily Sales Deposit,Receita de Vendas,863,Principal
2023-07-18,Daily Sales Deposit,Receita de Vendas,875,Principal
2023-07-19,Daily Sales Deposit,Receita de Vendas,848,Principal
2023-07-20,Daily Sales Deposit,Receita de Vendas,896,Principal
2023-07-21,Daily Sales Deposit,Receita de Vendas,515,Principal
2023-07-22,Daily Sales Deposit,Receita de Vendas,607,Principal
2023-07-23,Daily Sales Deposit,Receita de Vendas,810,Principal
2023-07-24,Daily Sales Deposit,Receita de Vendas,533,Principal
2023-07-24,Maintenance Payment,Despesa Operacional,-346,Principal
2023-07-25,Daily Sales Deposit,Receita de Vendas,640,Principal
2023-07-26,Daily Sales Deposit,Receita de Vendas,595,Principal
2023-07-27,Daily Sales Deposit,Receita de Vendas,538,Principal
2023-07-27,Bakery Payment,Custo de Mercadoria (CMV),-128,Principal
2023-07-28,Daily Sales Deposit,Receita de Vendas,976,Principal
2023-07-28,Bakery Payment,Custo de Mercadoria (CMV),-335,Principal
2023-07-29,Daily Sales Deposit,Receita de Vendas,771,Principal
2023-07-30,Daily Sales Deposit,Receita de Vendas,738,Principal
2023-07-31,Daily Sales Deposit,Receita de Vendas,913,Principal
2023-08-01,Daily Sales Deposit,Receita de Vendas,858,Principal
2023-08-02,Daily Sales Deposit,Receita de Vendas,564,Principal
2023-08-03,Daily Sales Deposit,Receita de Vendas,502,Principal
2023-08-04,Daily Sales Deposit,Receita de Vendas,875,Principal
2023-08-05,Daily Sales Deposit,Receita de Vendas,823,Principal
2023-08-06,Daily Sales Deposit,Receita de Vendas,792,Principal
2023-08-06,Maintenance Payment,Despesa Operacional,-292,Principal
2023-08-07,Daily Sales Deposit,Receita de Vendas,993,Principal
2023-08-07,Bakery Payment,Custo de Mercadoria (CMV),-498,Principal
2023-08-08,Daily Sales Deposit,Receita de Vendas,876,Principal
2023-08-09,Daily Sales Deposit,Receita de Vendas,639,Principal
2023-08-10,Daily Sales Deposit,Receita de Vendas,792,Principal
2023-08-11,Daily Sales Deposit,Receita de Vendas,926,Principal
2023-08-12,Daily Sales Deposit,Receita de Vendas,794,Principal
2023-08-13,Daily Sales Deposit,Receita de Vendas,801,Principal
2023-08-14,Daily Sales Deposit,Receita de Vendas,561,Principal
2023-08-15,Daily Sales Deposit,Receita de Vendas,652,Principal
2023-08-16,Daily Sales Deposit,Receita de Vendas,759,Principal
2023-08-17,Daily Sales Deposit,Receita de Vendas,647,Principal
2023-08-18,Daily Sales Deposit,Receita de Vendas,809,Principal
2023-08-19,Daily Sales Deposit,Receita de Vendas,992,Principal
2023-08-19,Coffee Supplier Payment,Custo de Mercadoria (CMV),-206,Principal
2023-08-20,Daily Sales Deposit,Receita de Vendas,812,Principal
2023-08-21,Daily Sales Deposit,Receita de Vendas,740,Principal
2023-08-22,Daily Sales Deposit,Receita de Vendas,875,Principal
2023-08-23,Daily Sales Deposit,Receita de Vendas,760,Principal
2023-08-24,Daily Sales Deposit,Receita de Vendas,714,Principal
2023-08-25,Daily Sales Deposit,Receita de Vendas,598,Principal
2023-08-26,Daily Sales Deposit,Receita de Vendas,740,Principal
2023-08-26,Coffee Supplier Payment,Custo de Mercadoria (CMV),-277,Principal
2023-08-27,Daily Sales Deposit,Receita de Vendas,561,Principal
2023-08-28,Daily Sales Deposit,Receita de Vendas,502,Principal
2023-08-29,Daily Sales Deposit,Receita de Vendas,985,Principal
2023-08-30,Daily Sales Deposit,Receita de Vendas,880,Principal
2023-08-31,Daily Sales Deposit,Receita de Vendas,828,Principal
2023-09-01,Daily Sales Deposit,Receita de Vendas,1056,Principal
2023-09-01,Utility Bill Payment,Despesa Operacional,-204,Principal
2023-09-02,Daily Sales Deposit,Receita de Vendas,822,Principal
2023-09-02,Utility Bill Payment,Despesa Operacional,-236,Principal
2023-09-03,Daily Sales Deposit,Receita de Vendas,1108,Principal
2023-09-04,Daily Sales Deposit,Receita de Vendas,869,Principal
2023-09-05,Daily Sales Deposit,Receita de Vendas,739,Principal
2023-09-06,Daily Sales Deposit,Receita de Vendas,1094,Principal
2023-09-06,Utility Bill Payment,Despesa Operacional,-223,Principal
2023-09-07,Daily Sales Deposit,Receita de Vendas,1088,Principal
2023-09-07,Rent Payment,Despesa Operacional,-136,Principal
2023-09-08,Daily Sales Deposit,Receita de Vendas,875,Principal
2023-09-09,Daily Sales Deposit,Receita de Vendas,1152,Principal
2023-09-10,Daily Sales Deposit,Receita de Vendas,813,Principal
2023-09-11,Daily Sales Deposit,Receita de Vendas,923,Principal
2023-09-12,Daily Sales Deposit,Receita de Vendas,814,Principal
2023-09-13,Daily Sales Deposit,Receita de Vendas,755,Principal
2023-09-14,Daily Sales Deposit,Receita de Vendas,739,Principal
2023-09-15,Daily Sales Deposit,Receita de Vendas,936,Principal
2023-09-16,Daily Sales Deposit,Receita de Vendas,915,Principal
2023-09-17,Daily Sales Deposit,Receita de Vendas,867,Principal
2023-09-18,Daily Sales Deposit,Receita de Vendas,758,Principal
2023-09-19,Daily Sales Deposit,Receita de Vendas,868,Principal
2023-09-20,Daily Sales Deposit,Receita de Vendas,744,Principal
2023-09-21,Daily Sales Deposit,Receita de Vendas,869,Principal
2023-09-21,Rent Payment,Despesa Operacional,-254,Principal
2023-09-22,Daily Sales Deposit,Receita de Vendas,706,Principal
2023-09-23,Daily Sales Deposit,Receita de Vendas,744,Principal
2023-09-24,Daily Sales Deposit,Receita de Vendas,1198,Principal
2023-09-25,Daily Sales Deposit,Receita de Vendas,1125,Principal
2023-09-25,Maintenance Payment,Despesa Operacional,-462,Principal
2023-09-26,Daily Sales Deposit,Receita de Vendas,857,Principal
2023-09-27,Daily Sales Deposit,Receita de Vendas,781,Principal
2023-09-28,Daily Sales Deposit,Receita de Vendas,905,Principal
2023-09-29,Daily Sales Deposit,Receita de Vendas,711,Principal
2023-09-29,Maintenance Payment,Despesa Operacional,-323,Principal
2023-09-30,Daily Sales Deposit,Receita de Vendas,745,Principal
2023-10-01,Daily Sales Deposit,Receita de Vendas,932,Principal
2023-10-02,Daily Sales Deposit,Receita de Vendas,922,Principal
2023-10-03,Daily Sales Deposit,Receita de Vendas,1147,Principal
2023-10-04,Daily Sales Deposit,Receita de Vendas,862,Principal
2023-10-04,Bakery Payment,Custo de Mercadoria (CMV),-173,Principal
2023-10-05,Daily Sales Deposit,Receita de Vendas,923,Principal
2023-10-06,Daily Sales Deposit,Receita de Vendas,1111,Principal
2023-10-07,Daily Sales Deposit,Receita de Vendas,921,Principal
2023-10-08,Daily Sales Deposit,Receita de Vendas,977,Principal
2023-10-09,Daily Sales Deposit,Receita de Vendas,1051,Principal
2023-10-10,Daily Sales Deposit,Receita de Vendas,1023,Principal
2023-10-11,Daily Sales Deposit,Receita de Vendas,716,Principal
2023-10-12,Daily Sales Deposit,Receita de Vendas,1100,Principal
2023-10-13,Daily Sales Deposit,Receita de Vendas,892,Principal
2023-10-13,Utility Bill Payment,Despesa Operacional,-219,Principal
2023-10-14,Daily Sales Deposit,Receita de Vendas,909,Principal
2023-10-15,Daily Sales Deposit,Receita de Vendas,891,Principal
2023-10-16,Daily Sales Deposit,Receita de Vendas,903,Principal
2023-10-17,Daily Sales Deposit,Receita de Vendas,926,Principal
2023-10-18,Daily Sales Deposit,Receita de Vendas,1159,Principal
2023-10-18,Bakery Payment,Custo de Mercadoria (CMV),-494,Principal
2023-10-19,Daily Sales Deposit,Receita de Vendas,833,Principal
2023-10-20,Daily Sales Deposit,Receita de Vendas,1115,Principal
2023-10-21,Daily Sales Deposit,Receita de Vendas,757,Principal
2023-10-21,Maintenance Payment,Despesa Operacional,-325,Principal
2023-10-22,Daily Sales Deposit,Receita de Vendas,703,Principal
2023-10-23,Daily Sales Deposit,Receita de Vendas,1096,Principal
2023-10-24,Daily Sales Deposit,Receita de Vendas,970,Principal
2023-10-25,Daily Sales Deposit,Receita de Vendas,856,Principal
2023-10-26,Daily Sales Deposit,Receita de Vendas,987,Principal
2023-10-26,Utility Bill Payment,Despesa Operacional,-183,Principal
2023-10-27,Daily Sales Deposit,Receita de Vendas,726,Principal
2023-10-28,Daily Sales Deposit,Receita de Vendas,1081,Principal
2023-10-28,Maintenance Payment,Despesa Operacional,-191,Principal
2023-10-29,Daily Sales Deposit,Receita de Vendas,720,Principal
2023-10-30,Daily Sales Deposit,Receita de Vendas,1056,Principal
2023-10-31,Daily Sales Deposit,Receita de Vendas,961,Principal
2023-11-01,Daily Sales Deposit,Receita de Vendas,1152,Principal
2023-11-02,Daily Sales Deposit,Receita de Vendas,956,Principal
2023-11-03,Daily Sales Deposit,Receita de Vendas,1121,Principal
2023-11-04,Daily Sales Deposit,Receita de Vendas,1144,Principal
2023-11-05,Daily Sales Deposit,Receita de Vendas,1196,Principal
2023-11-06,Daily Sales Deposit,Receita de Vendas,711,Principal
2023-11-07,Daily Sales Deposit,Receita de Vendas,1191,Principal
2023-11-08,Daily Sales Deposit,Receita de Vendas,771,Principal
2023-11-08,Maintenance Payment,Despesa Operacional,-244,Principal
2023-11-09,Daily Sales Deposit,Receita de Vendas,1008,Principal
2023-11-09,Coffee Supplier Payment,Custo de Mercadoria (CMV),-126,Principal
2023-11-10,Daily Sales Deposit,Receita de Vendas,1199,Principal
2023-11-10,Rent Payment,Despesa Operacional,-448,Principal
2023-11-11,Daily Sales Deposit,Receita de Vendas,880,Principal
2023-11-12,Daily Sales Deposit,Receita de Vendas,1077,Principal
2023-11-13,Daily Sales Deposit,Receita de Vendas,745,Principal
2023-11-14,Daily Sales Deposit,Receita de Vendas,921,Principal
2023-11-14,Rent Payment,Despesa Operacional,-372,Principal
2023-11-15,Daily Sales Deposit,Receita de Vendas,1039,Principal
2023-11-16,Daily Sales Deposit,Receita de Vendas,865,Principal
2023-11-17,Daily Sales Deposit,Receita de Vendas,1143,Principal
2023-11-17,Coffee Supplier Payment,Custo de Mercadoria (CMV),-216,Principal
2023-11-18,Daily Sales Deposit,Receita de Vendas,1043,Principal
2023-11-19,Daily Sales Deposit,Receita de Vendas,763,Principal
2023-11-20,Daily Sales Deposit,Receita de Vendas,771,Principal
2023-11-21,Daily Sales Deposit,Receita de Vendas,1177,Principal
2023-11-22,Daily Sales Deposit,Receita de Vendas,1065,Principal
2023-11-23,Daily Sales Deposit,Receita de Vendas,865,Principal
2023-11-24,Daily Sales Deposit,Receita de Vendas,1000,Principal
2023-11-25,Daily Sales Deposit,Receita de Vendas,801,Principal
2023-11-26,Daily Sales Deposit,Receita de Vendas,966,Principal
2023-11-27,Daily Sales Deposit,Receita de Vendas,787,Principal
2023-11-27,Bakery Payment,Custo de Mercadoria (CMV),-175,Principal
2023-11-28,Daily Sales Deposit,Receita de Vendas,745,Principal
2023-11-28,Rent Payment,Despesa Operacional,-179,Principal
2023-11-29,Daily Sales Deposit,Receita de Vendas,847,Principal
2023-11-30,Daily Sales Deposit,Receita de Vendas,1123,Principal
2023-11-30,Coffee Supplier Payment,Custo de Mercadoria (CMV),-452,Principal
2023-12-01,Daily Sales Deposit,Receita de Vendas,924,Principal
2023-12-01,Rent Payment,Despesa Operacional,-176,Principal
2023-12-02,Daily Sales Deposit,Receita de Vendas,853,Principal
2023-12-03,Daily Sales Deposit,Receita de Vendas,893,Principal
2023-12-04,Daily Sales Deposit,Receita de Vendas,789,Principal
2023-12-05,Daily Sales Deposit,Receita de Vendas,1197,Principal
2023-12-06,Daily Sales Deposit,Receita de Vendas,805,Principal
2023-12-06,Utility Bill Payment,Despesa Operacional,-404,Principal
2023-12-07,Daily Sales Deposit,Receita de Vendas,1016,Principal
2023-12-08,Daily Sales Deposit,Receita de Vendas,1089,Principal
2023-12-09,Daily Sales Deposit,Receita de Vendas,772,Principal
2023-12-09,Coffee Supplier Payment,Custo de Mercadoria (CMV),-140,Principal
2023-12-10,Daily Sales Deposit,Receita de Vendas,903,Principal
2023-12-11,Daily Sales Deposit,Receita de Vendas,877,Principal
2023-12-12,Daily Sales Deposit,Receita de Vendas,783,Principal
2023-12-13,Daily Sales Deposit,Receita de Vendas,950,Principal
2023-12-14,Daily Sales Deposit,Receita de Vendas,1158,Principal
2023-12-15,Daily Sales Deposit,Receita de Vendas,1087,Principal
2023-12-16,Daily Sales Deposit,Receita de Vendas,721,Principal
2023-12-17,Daily Sales Deposit,Receita de Vendas,702,Principal
2023-12-17,Coffee Supplier Payment,Custo de Mercadoria (CMV),-287,Principal
2023-12-18,Daily Sales Deposit,Receita de Vendas,713,Principal
2023-12-18,Rent Payment,Despesa Operacional,-111,Principal
2023-12-19,Daily Sales Deposit,Receita de Vendas,1096,Principal
2023-12-20,Daily Sales Deposit,Receita de Vendas,942,Principal
2023-12-21,Daily Sales Deposit,Receita de Vendas,754,Principal
2023-12-22,Daily Sales Deposit,Receita de Vendas,872,Principal
2023-12-22,Maintenance Payment,Despesa Operacional,-218,Principal
2023-12-23,Daily Sales Deposit,Receita de Vendas,882,Principal
2023-12-23,Coffee Supplier Payment,Custo de Mercadoria (CMV),-399,Principal
2023-12-24,Daily Sales Deposit,Receita de Vendas,1153,Principal
2023-12-25,Daily Sales Deposit,Receita de Vendas,849,Principal
2023-12-26,Daily Sales Deposit,Receita de Vendas,1011,Principal
2023-12-27,Daily Sales Deposit,Receita de Vendas,830,Principal
2023-12-27,Utility Bill Payment,Despesa Operacional,-342,Principal
2023-12-28,Daily Sales Deposit,Receita de Vendas,1144,Principal
2023-12-28,Bakery Payment,Custo de Mercadoria (CMV),-306,Principal
2023-12-29,Daily Sales Deposit,Receita de Vendas,1090,Principal
2023-12-30,Daily Sales Deposit,Receita de Vendas,1049,Principal
2023-12-31,Daily Sales Deposit,Receita de Vendas,1141,Principal
2022-01-01,Transfer from Main,Transfer,3403,Reserva/Folha
2022-01-15,Payroll Funding,Folha de Pagamento,-2688,Reserva/Folha
2022-02-01,Transfer from Main,Transfer,5779,Reserva/Folha
2022-02-15,Payroll Funding,Folha de Pagamento,-5216,Reserva/Folha
2022-03-01,Transfer from Main,Transfer,5579,Reserva/Folha
2022-03-15,Payroll Funding,Folha de Pagamento,-5228,Reserva/Folha
2022-04-01,Transfer from Main,Transfer,4712,Reserva/Folha
2022-04-15,Payroll Funding,Folha de Pagamento,-4093,Reserva/Folha
2022-05-01,Transfer from Main,Transfer,4273,Reserva/Folha
2022-05-15,Payroll Funding,Folha de Pagamento,-3957,Reserva/Folha
2022-06-01,Transfer from Main,Transfer,5913,Reserva/Folha
2022-06-15,Payroll Funding,Folha de Pagamento,-5202,Reserva/Folha
2022-07-01,Transfer from Main,Transfer,5625,Reserva/Folha
2022-07-15,Payroll Funding,Folha de Pagamento,-5091,Reserva/Folha
2022-08-01,Transfer from Main,Transfer,4441,Reserva/Folha
2022-08-15,Payroll Funding,Folha de Pagamento,-3947,Reserva/Folha
2022-09-01,Transfer from Main,Transfer,3754,Reserva/Folha
2022-09-15,Payroll Funding,Folha de Pagamento,-3184,Reserva/Folha
2022-10-01,Transfer from Main,Transfer,3185,Reserva/Folha
2022-10-15,Payroll Funding,Folha de Pagamento,-2740,Reserva/Folha
2022-11-01,Transfer from Main,Transfer,3636,Reserva/Folha
2022-11-15,Payroll Funding,Folha de Pagamento,-3169,Reserva/Folha
2022-12-01,Transfer from Main,Transfer,3529,Reserva/Folha
2022-12-15,Payroll Funding,Folha de Pagamento,-2778,Reserva/Folha
2023-01-01,Transfer from Main,Transfer,5068,Reserva/Folha
2023-01-15,Payroll Funding,Folha de Pagamento,-4349,Reserva/Folha
2023-02-01,Transfer from Main,Transfer,5147,Reserva/Folha
2023-02-15,Payroll Funding,Folha de Pagamento,-4470,Reserva/Folha
2023-03-01,Transfer from Main,Transfer,4622,Reserva/Folha
2023-03-15,Payroll Funding,Folha de Pagamento,-4125,Reserva/Folha
2023-04-01,Transfer from Main,Transfer,3939,Reserva/Folha
2023-04-15,Payroll Funding,Folha de Pagamento,-3214,Reserva/Folha
2023-05-01,Transfer from Main,Transfer,5381,Reserva/Folha
2023-05-15,Payroll Funding,Folha de Pagamento,-5180,Reserva/Folha
2023-06-01,Transfer from Main,Transfer,3374,Reserva/Folha
2023-06-15,Payroll Funding,Folha de Pagamento,-2882,Reserva/Folha
2023-07-01,Transfer from Main,Transfer,5884,Reserva/Folha
2023-07-15,Payroll Funding,Folha de Pagamento,-5132,Reserva/Folha
2023-08-01,Transfer from Main,Transfer,5365,Reserva/Folha
2023-08-15,Payroll Funding,Folha de Pagamento,-4664,Reserva/Folha
2023-09-01,Transfer from Main,Transfer,4851,Reserva/Folha
2023-09-15,Payroll Funding,Folha de Pagamento,-4271,Reserva/Folha
2023-10-01,Transfer from Main,Transfer,4646,Reserva/Folha
2023-10-15,Payroll Funding,Folha de Pagamento,-4433,Reserva/Folha
2023-11-01,Transfer from Main,Transfer,3503,Reserva/Folha
2023-11-15,Payroll Funding,Folha de Pagamento,-3073,Reserva/Folha
2023-12-01,Transfer from Main,Transfer,5008,Reserva/Folha
2023-12-15,Payroll Funding,Folha de Pagamento,-4725,Reserva/Folha
2022-01-01,Utility Company,Supplies,-229,Cartão de Crédito
2022-01-08,Facebook Ads,Outros,-444,Cartão de Crédito
2022-01-10,Payment to CC,Pagamento de Fatura,428,Cartão de Crédito
2022-01-15,Utility Company,Marketing,-360,Cartão de Crédito
2022-01-22,Local Print Shop,Marketing,-539,Cartão de Crédito
2022-01-24,Payment to CC,Pagamento de Fatura,486,Cartão de Crédito
2022-01-29,Coffee Supplier,Contas de Consumo,-494,Cartão de Crédito
2022-02-05,Coffee Supplier,Marketing,-179,Cartão de Crédito
2022-02-12,Facebook Ads,Marketing,-449,Cartão de Crédito
2022-02-19,Utility Company,Outros,-363,Cartão de Crédito
2022-02-26,Coffee Supplier,Outros,-163,Cartão de Crédito
2022-03-05,Facebook Ads,Contas de Consumo,-206,Cartão de Crédito
2022-03-12,Facebook Ads,Marketing,-264,Cartão de Crédito
2022-03-19,Local Print Shop,Contas de Consumo,-411,Cartão de Crédito
2022-03-26,Utility Company,Marketing,-207,Cartão de Crédito
2022-03-28,Payment to CC,Pagamento de Fatura,533,Cartão de Crédito
2022-04-02,Facebook Ads,Contas de Consumo,-229,Cartão de Crédito
2022-04-04,Payment to CC,Pagamento de Fatura,481,Cartão de Crédito
2022-04-09,Facebook Ads,Contas de Consumo,-384,Cartão de Crédito
2022-04-11,Payment to CC,Pagamento de Fatura,684,Cartão de Crédito
2022-04-16,Utility Company,Marketing,-344,Cartão de Crédito
2022-04-18,Payment to CC,Pagamento de Fatura,405,Cartão de Crédito
2022-04-23,Coffee Supplier,Outros,-111,Cartão de Crédito
2022-04-30,Utility Company,Contas de Consumo,-315,Cartão de Crédito
2022-05-02,Payment to CC,Pagamento de Fatura,416,Cartão de Crédito
2022-05-07,Facebook Ads,Marketing,-405,Cartão de Crédito
2022-05-14,Utility Company,Contas de Consumo,-283,Cartão de Crédito
2022-05-21,Coffee Supplier,Outros,-527,Cartão de Crédito
2022-05-23,Payment to CC,Pagamento de Fatura,507,Cartão de Crédito
2022-05-28,Coffee Supplier,Supplies,-435,Cartão de Crédito
2022-06-04,Coffee Supplier,Marketing,-107,Cartão de Crédito
2022-06-06,Payment to CC,Pagamento de Fatura,551,Cartão de Crédito
2022-06-11,Facebook Ads,Contas de Consumo,-457,Cartão de Crédito
2022-06-13,Payment to CC,Pagamento de Fatura,392,Cartão de Crédito
2022-06-18,Utility Company,Supplies,-410,Cartão de Crédito
2022-06-25,Coffee Supplier,Supplies,-513,Cartão de Crédito
2022-07-02,Utility Company,Outros,-235,Cartão de Crédito
2022-07-09,Local Print Shop,Marketing,-574,Cartão de Crédito
2022-07-16,Facebook Ads,Contas de Consumo,-388,Cartão de Crédito
2022-07-23,Facebook Ads,Outros,-241,Cartão de Crédito
2022-07-30,Coffee Supplier,Outros,-189,Cartão de Crédito
2022-08-01,Payment to CC,Pagamento de Fatura,774,Cartão de Crédito
2022-08-06,Facebook Ads,Marketing,-172,Cartão de Crédito
2022-08-13,Facebook Ads,Marketing,-368,Cartão de Crédito
2022-08-20,Utility Company,Outros,-588,Cartão de Crédito
2022-08-27,Coffee Supplier,Outros,-201,Cartão de Crédito
2022-09-03,Coffee Supplier,Supplies,-553,Cartão de Crédito
2022-09-10,Utility Company,Marketing,-378,Cartão de Crédito
2022-09-17,Coffee Supplier,Supplies,-443,Cartão de Crédito
2022-09-24,Utility Company,Marketing,-312,Cartão de Crédito
2022-10-01,Utility Company,Marketing,-298,Cartão de Crédito
2022-10-08,Facebook Ads,Marketing,-192,Cartão de Crédito
2022-10-10,Payment to CC,Pagamento de Fatura,696,Cartão de Crédito
2022-10-15,Local Print Shop,Supplies,-390,Cartão de Crédito
2022-10-17,Payment to CC,Pagamento de Fatura,202,Cartão de Crédito
2022-10-22,Coffee Supplier,Outros,-184,Cartão de Crédito
2022-10-29,Local Print Shop,Marketing,-553,Cartão de Crédito
2022-11-05,Local Print Shop,Marketing,-252,Cartão de Crédito
2022-11-12,Utility Company,Outros,-392,Cartão de Crédito
2022-11-19,Local Print Shop,Contas de Consumo,-142,Cartão de Crédito
2022-11-26,Local Print Shop,Contas de Consumo,-597,Cartão de Crédito
2022-12-03,Utility Company,Contas de Consumo,-120,Cartão de Crédito
2022-12-05,Payment to CC,Pagamento de Fatura,316,Cartão de Crédito
2022-12-10,Utility Company,Marketing,-223,Cartão de Crédito
2022-12-17,Utility Company,Outros,-150,Cartão de Crédito
2022-12-24,Utility Company,Supplies,-569,Cartão de Crédito
2022-12-26,Payment to CC,Pagamento de Fatura,572,Cartão de Crédito
2022-12-31,Coffee Supplier,Contas de Consumo,-151,Cartão de Crédito
2023-01-07,Utility Company,Outros,-255,Cartão de Crédito
2023-01-14,Coffee Supplier,Supplies,-519,Cartão de Crédito
2023-01-21,Local Print Shop,Supplies,-176,Cartão de Crédito
2023-01-23,Payment to CC,Pagamento de Fatura,658,Cartão de Crédito
2023-01-28,Utility Company,Outros,-362,Cartão de Crédito
2023-01-30,Payment to CC,Pagamento de Fatura,358,Cartão de Crédito
2023-02-04,Utility Company,Outros,-170,Cartão de Crédito
2023-02-11,Coffee Supplier,Outros,-544,Cartão de Crédito
2023-02-18,Coffee Supplier,Contas de Consumo,-551,Cartão de Crédito
2023-02-25,Local Print Shop,Marketing,-271,Cartão de Crédito
2023-03-04,Facebook Ads,Contas de Consumo,-478,Cartão de Crédito
2023-03-11,Coffee Supplier,Outros,-376,Cartão de Crédito
2023-03-13,Payment to CC,Pagamento de Fatura,720,Cartão de Crédito
2023-03-18,Coffee Supplier,Outros,-370,Cartão de Crédito
2023-03-25,Coffee Supplier,Outros,-224,Cartão de Crédito
2023-04-01,Coffee Supplier,Contas de Consumo,-148,Cartão de Crédito
2023-04-08,Local Print Shop,Contas de Consumo,-149,Cartão de Crédito
2023-04-15,Coffee Supplier,Marketing,-266,Cartão de Crédito
2023-04-17,Payment to CC,Pagamento de Fatura,638,Cartão de Crédito
2023-04-22,Facebook Ads,Contas de Consumo,-341,Cartão de Crédito
2023-04-24,Payment to CC,Pagamento de Fatura,307,Cartão de Crédito
2023-04-29,Facebook Ads,Contas de Consumo,-325,Cartão de Crédito
2023-05-06,Local Print Shop,Marketing,-249,Cartão de Crédito
2023-05-13,Utility Company,Outros,-575,Cartão de Crédito
2023-05-20,Coffee Supplier,Marketing,-556,Cartão de Crédito
2023-05-27,Facebook Ads,Supplies,-353,Cartão de Crédito
2023-05-29,Payment to CC,Pagamento de Fatura,462,Cartão de Crédito
2023-06-03,Coffee Supplier,Contas de Consumo,-184,Cartão de Crédito
2023-06-10,Utility Company,Marketing,-224,Cartão de Crédito
2023-06-17,Local Print Shop,Outros,-586,Cartão de Crédito
2023-06-24,Coffee Supplier,Supplies,-167,Cartão de Crédito
2023-07-01,Facebook Ads,Supplies,-266,Cartão de Crédito
2023-07-03,Payment to CC,Pagamento de Fatura,552,Cartão de Crédito
2023-07-08,Utility Company,Marketing,-263,Cartão de Crédito
2023-07-15,Coffee Supplier,Marketing,-478,Cartão de Crédito
2023-07-22,Facebook Ads,Outros,-368,Cartão de Crédito
2023-07-24,Payment to CC,Pagamento de Fatura,716,Cartão de Crédito
2023-07-29,Utility Company,Outros,-527,Cartão de Crédito
2023-08-05,Local Print Shop,Supplies,-329,Cartão de Crédito
2023-08-12,Facebook Ads,Supplies,-399,Cartão de Crédito
2023-08-19,Coffee Supplier,Contas de Consumo,-425,Cartão de Crédito
2023-08-26,Facebook Ads,Contas de Consumo,-201,Cartão de Crédito
2023-09-02,Local Print Shop,Outros,-385,Cartão de Crédito
2023-09-09,Local Print Shop,Marketing,-541,Cartão de Crédito
2023-09-11,Payment to CC,Pagamento de Fatura,486,Cartão de Crédito
2023-09-16,Facebook Ads,Contas de Consumo,-402,Cartão de Crédito
2023-09-23,Coffee Supplier,Marketing,-545,Cartão de Crédito
2023-09-30,Facebook Ads,Outros,-111,Cartão de Crédito
2023-10-07,Utility Company,Outros,-567,Cartão de Crédito
2023-10-14,Local Print Shop,Contas de Consumo,-378,Cartão de Crédito
2023-10-16,Payment to CC,Pagamento de Fatura,716,Cartão de Crédito
2023-10-21,Local Print Shop,Outros,-567,Cartão de Crédito
2023-10-28,Coffee Supplier,Marketing,-220,Cartão de Crédito
2023-10-30,Payment to CC,Pagamento de Fatura,605,Cartão de Crédito
2023-11-04,Local Print Shop,Contas de Consumo,-565,Cartão de Crédito
2023-11-11,Local Print Shop,Supplies,-371,Cartão de Crédito
2023-11-13,Payment to CC,Pagamento de Fatura,708,Cartão de Crédito
2023-11-18,Local Print Shop,Marketing,-241,Cartão de Crédito
2023-11-20,Payment to CC,Pagamento de Fatura,777,Cartão de Crédito
2023-11-25,Facebook Ads,Supplies,-460,Cartão de Crédito
2023-12-02,Facebook Ads,Contas de Consumo,-556,Cartão de Crédito
2023-12-09,Utility Company,Supplies,-289,Cartão de Crédito
2023-12-16,Coffee Supplier,Contas de Consumo,-410,Cartão de Crédito
2023-12-23,Coffee Supplier,Outros,-242,Cartão de Crédito
2023-12-30,Local Print Shop,Contas de Consumo,-589,Cartão de Crédito
